form_grammatical_nom,form_ungrammatical_dat,form_ungrammatical_erg,model,repo
0.0379018472158598,5.9910639488306913e-05,1.3779785093912876e-06,HPLT,HPLT/hplt_bert_base_ka
0.0446649855565699,0.0006044032770311,2.7978071352535963e-05,mBERT,google-bert/bert-base-multilingual-cased
1.163584954648511e-06,4.611846776797209e-08,6.973959426733976e-12,RemBERT,google/rembert
0.1994844675385478,0.0266759367400001,0.0015573861046586,XLM-RoBERTa(bs),FacebookAI/xlm-roberta-base
0.20315590526714358,0.0060453449524635215,0.0001672392574821136,XLM-RoBERTa(lg),FacebookAI/xlm-roberta-large
