form_grammatical_nom,form_ungrammatical_dat,form_ungrammatical_erg,model,repo
0.0333418059000164,0.0001394972820772,2.014035046866997e-05,HPLT,HPLT/hplt_bert_base_ka
0.080909822982359,0.0005246040258448,2.3582301910183067e-05,mBERT,google-bert/bert-base-multilingual-cased
1.5123647257473973e-06,4.848026475679133e-07,3.3352165103602684e-07,RemBERT,google/rembert
0.1657604844965906,0.0013215885352731,0.0010979744244196,XLM-RoBERTa(bs),FacebookAI/xlm-roberta-base
0.17714111079153053,0.0021289682732736526,0.00024411648363898125,XLM-RoBERTa(lg),FacebookAI/xlm-roberta-large
