form_grammatical_nom,form_ungrammatical_erg,form_ungrammatical_dat,model,repo
0.0989716929916517,2.962444827432935e-06,0.0001100768810976,HPLT,HPLT/hplt_bert_base_ka
0.0001248672788833,1.6045323750451512e-06,1.4838203426752886e-05,mBERT,google-bert/bert-base-multilingual-cased
1.1197495923005785e-06,5.380242191021972e-12,6.152494028539826e-12,RemBERT,google/rembert
0.1097250210947331,0.0001298206773384,0.0036482427133218,XLM-RoBERTa(bs),FacebookAI/xlm-roberta-base
0.12803914082942655,0.0002780268204813216,0.0018829252017751623,XLM-RoBERTa(lg),FacebookAI/xlm-roberta-large
