form_grammatical_erg,form_ungrammatical_nom,form_ungrammatical_dat,model,repo
0.0233471254599524,0.0002751583998915,0.0003647057925164,HPLT,HPLT/hplt_bert_base_ka
0.0072305277010446,0.0023101920297799,0.0059724512238033,mBERT,google-bert/bert-base-multilingual-cased
1.3420703413704482e-07,2.247523732643181e-06,2.822413135211342e-07,RemBERT,google/rembert
0.0321388005979334,0.0171036596758675,0.0005282960666481,XLM-RoBERTa(bs),FacebookAI/xlm-roberta-base
0.013664724767109204,0.008136230801971994,0.0028562973955753436,XLM-RoBERTa(lg),FacebookAI/xlm-roberta-large
