form_grammatical_dat,form_ungrammatical_nom,form_ungrammatical_erg,model,repo
0.0494043718860389,0.0102939278237519,0.0001456223275113,HPLT,HPLT/hplt_bert_base_ka
0.0424495855929659,0.0153729709086152,0.0002123120171199,mBERT,google-bert/bert-base-multilingual-cased
1.0743193541877871e-06,1.0106973487588698e-06,9.359589101449736e-07,RemBERT,google/rembert
0.1079644131404487,0.0058361066836522,0.0005595145280868,XLM-RoBERTa(bs),FacebookAI/xlm-roberta-base
0.09195286922839005,0.005288759810490952,0.00010383982508693468,XLM-RoBERTa(lg),FacebookAI/xlm-roberta-large
