form_grammatical_nom,form_ungrammatical_dat,form_ungrammatical_erg,model,repo
0.0501115409898296,5.732303837039165e-05,2.336051778691388e-05,HPLT,HPLT/hplt_bert_base_ka
0.1173594687041935,0.0003594483465078,0.0001194541551027,mBERT,google-bert/bert-base-multilingual-cased
1.2675139315018998e-06,5.231723791836842e-07,2.446710080493057e-07,RemBERT,google/rembert
0.1421235882421725,0.0009525660633098,0.0005684360789453,XLM-RoBERTa(bs),FacebookAI/xlm-roberta-base
0.15049926534956634,0.0008760483752370004,0.0006182116061711172,XLM-RoBERTa(lg),FacebookAI/xlm-roberta-large
