form_grammatical_dat,form_ungrammatical_nom,form_ungrammatical_erg,model,repo
0.0383303610471955,0.0008890465545116,4.126754620291371e-05,HPLT,HPLT/hplt_bert_base_ka
0.0678522330295388,0.02705531523856,0.0001962078298693,mBERT,google-bert/bert-base-multilingual-cased
5.932696736811211e-07,1.5084226845366995e-06,9.63763079058694e-07,RemBERT,google/rembert
0.1817646580811827,0.0256219296271307,8.720683146395376e-05,XLM-RoBERTa(bs),FacebookAI/xlm-roberta-base
0.17286737514209138,0.017807296645936204,3.468559431260144e-05,XLM-RoBERTa(lg),FacebookAI/xlm-roberta-large
